{"cameraMode":{"drawMode":0,"name":"Shaded","section":"Shading Mode"},"sceneLighting":false,"audioPlay":false,"sceneViewState":{"m_AlwaysRefresh":false,"showFog":true,"showSkybox":false,"showFlares":true,"showImageEffects":true,"showParticleSystems":true,"showVisualEffectGraphs":true,"m_FxEnabled":true},"in2DMode":false,"pivot":{"x":0.42200005054473879,"y":0.884972333908081,"z":-2.2835001945495607},"rotation":{"x":-0.03272586315870285,"y":0.6855555176734924,"z":-0.030867841094732286,"w":-0.7266629934310913},"size":3.323248863220215,"orthographic":false}